source_id,title,type,url,doi,checked_date,scope_note
L1,Chapter 42.45 RCW: Revised Uniform Law on Notarial Acts,legislation,https://app.leg.wa.gov/RCW/default.aspx?cite=42.45&full=true,,2026-09-05,Source group L1 in report.md. Targeted verification; proposition-specific limits are stated in the report.
L2,RCW 42.45.280: Electronic records notary public,legislation,https://app.leg.wa.gov/rcw/default.aspx?cite=42.45.280,,2026-09-05,Source group L2 in report.md. Targeted verification; proposition-specific limits are stated in the report.
L3,RCW 9A.72.040: False swearing,legislation,https://app.leg.wa.gov/rcw/default.aspx?cite=9A.72.040,,2026-09-05,Source group L3 in report.md. Targeted verification; proposition-specific limits are stated in the report.
L3b,RCW 9A.72.080: Statement of what one does not know to be true,legislation,https://app.leg.wa.gov/rcw/default.aspx?cite=9A.72.080,,2026-09-05,Source group L3 in report.md. Targeted verification; proposition-specific limits are stated in the report.
L4,Chapter 9A.72 RCW: Perjury and interference with official proceedings,legislation,https://app.leg.wa.gov/RCW/default.aspx?cite=9A.72&full=true,,2026-09-05,Source group L4 in report.md. Targeted verification; proposition-specific limits are stated in the report.
L5,"57 Pa.C.S. chapter 3, section 311: Notarial act in another state",legislation,https://www.legis.state.pa.us/WU01/LI/LI/CT/HTM/57/00.003..HTM,,2026-09-05,Source group L5 in report.md. Targeted verification; proposition-specific limits are stated in the report.
L6,RCW 9A.04.030: State criminal jurisdiction,legislation,https://app.leg.wa.gov/rcw/default.aspx?cite=9A.04.030,,2026-09-05,Source group L6 in report.md. Targeted verification; proposition-specific limits are stated in the report.
L7,"18 Pa.C.S. chapter 1, section 102: Territorial applicability",legislation,https://www.legis.state.pa.us/WU01/LI/LI/CT/HTM/18/00.001..HTM,,2026-09-05,Source group L7 in report.md. Targeted verification; proposition-specific limits are stated in the report.
L8,"18 Pa.C.S. chapter 49, section 4903: False swearing",legislation,https://www.legis.state.pa.us/WU01/LI/LI/CT/HTM/18/00.049..HTM,,2026-09-05,Source group L8 in report.md. Targeted verification; proposition-specific limits are stated in the report.
L9,"Rickert v. State, Public Disclosure Commission",legal_case,https://www.courtlistener.com/opinion/2582429/rickert-v-state-public-disclosure-comn/,,2026-09-05,Source group L9 in report.md. Targeted verification; proposition-specific limits are stated in the report.
L9b,RCW 29B.30.070,legislation,https://app.leg.wa.gov/RCW/default.aspx?cite=29B.30.070,,2026-09-05,Source group L9 in report.md. Targeted verification; proposition-specific limits are stated in the report.
L10,United States v. Alvarez,legal_case,https://www.law.cornell.edu/supremecourt/text/11-210,,2026-09-05,Source group L10 in report.md. Targeted verification; proposition-specific limits are stated in the report.
L11,Chapter 5.50 RCW: Uniform Unsworn Declarations Act,legislation,https://app.leg.wa.gov/RCW/default.aspx?cite=5.50&full=true,,2026-09-05,Source group L11 in report.md. Targeted verification; proposition-specific limits are stated in the report.
L12,"RCW 29B.30.070: Political advertising or electioneering communication, libel or defamation per se",legislation,https://app.leg.wa.gov/RCW/default.aspx?cite=29B.30.070,,2026-09-05,Source group L12 in report.md. Targeted verification; proposition-specific limits are stated in the report.
L13,WAC 308-30-330: Retention of audiovisual recordings and repositories,legislation,https://app.leg.wa.gov/wac/default.aspx?cite=308-30-330,,2026-09-05,Source group L13 in report.md. Targeted verification; proposition-specific limits are stated in the report.
P1,Chapter 390-32 WAC: Fair Campaign Practices Code,legislation,https://app.leg.wa.gov/WAC/default.aspx?cite=390-32&full=true,,2026-09-05,Source group P1 in report.md. Targeted verification; proposition-specific limits are stated in the report.
P2,Fair Campaign Practices Project,webpage,https://lwvclarkcounty.org/content.aspx?club_id=160612&module_id=514897&page_id=22,,2026-09-05,Source group P2 in report.md. Targeted verification; proposition-specific limits are stated in the report.
P3,Inviting a candidate to speak: 501(c)(3) political-campaign-intervention FAQ,webpage,https://www.irs.gov/charities-non-profits/charitable-organizations/frequently-asked-questions-about-the-ban-on-political-campaign-intervention-by-501c3-organizations-inviting-a-candidate-to-speak,,2026-09-05,Source group P3 in report.md. Targeted verification; proposition-specific limits are stated in the report.
P4,Public debates,webpage,https://www.fec.gov/help-candidates-and-committees/making-disbursements-ssf-or-connected-organization/public-debates/,,2026-09-05,Source group P4 in report.md. Targeted verification; proposition-specific limits are stated in the report.
E1-Zickfeld-2024-meta,Committed (dis)honesty: A systematic meta-analytic review of the divergent effects of social commitment to individuals or honesty oaths on dishonest behavior,article-journal,https://doi.org/10.1037/bul0000429,10.1037/bul0000429,2026-09-05,"Published online 2024-04-15. Bibliographic metadata and abstract verified against https://pubmed.ncbi.nlm.nih.gov/38619478/ and the Aarhus University institutional record. Full review N=91,683 covers all social commitment types, not only honesty oaths."
E2-Zickfeld-2025-megastudy,Effectiveness of ex ante honesty oaths in reducing dishonesty depends on content,article-journal,https://doi.org/10.1038/s41562-024-02009-0,10.1038/s41562-024-02009-0,2026-09-05,Published online 2024-10-21; final journal issue January 2025. Full 42-author list verified against https://pubmed.ncbi.nlm.nih.gov/39433937/ and author-institution records. Publisher field follows Hebrew University institutional metadata. Full text inspected at https://www.runi.ac.il/yedion/facultypublications/getfile.ashx?fileType=3&publicationId=8196&username=s.ayal
E3-GAO-2012-evaluations,Designing Evaluations: 2012 Revision,report,https://www.gao.gov/products/gao-12-208g,,2026-09-05,Publicly released 2012-02-01. Product-page title adds '(Supersedes PEMD-10.1.4)'. Full report: https://www.gao.gov/assets/gao-12-208g.pdf. Methodological guidance; not an evaluation of the proposed Washington format.
E4-PNAS-2021-Shu-retraction,"Retraction for Shu et al., Signing at the beginning makes ethics salient and decreases dishonest self-reports in comparison to signing at the end",article-journal,https://pmc.ncbi.nlm.nih.gov/articles/PMC8463784/,10.1073/pnas.2115397118,2026-09-05,"Retraction notice for original article DOI 10.1073/pnas.1209746109, first published 2012-08-27. Notice published online 2021-09-13; issue date 2021-09-21. Notice body is signed May R. Berenbaum, Editor-in-Chief; author field omitted because no byline is displayed in the inspected PMC record."
E5-PNAS-2026-Kristal-correction,"Correction for Kristal et al., Signing at the beginning versus at the end does not decrease dishonesty",article-journal,https://pubmed.ncbi.nlm.nih.gov/42372171/,10.1073/pnas.2610441123,2026-09-05,"Published online 2026-06-29. No authors listed in PubMed. Erratum for DOI 10.1073/pnas.1911695117 (Kristal et al., 2020). Bibliographic existence verified; correction full text not retrieved. No interpretation of its substantive effects is made."
R1,Washington sworn-statement project: main,webpage,https://github.com/Sodelin/legal-case-for-opt-in-Washington-State-sworn-statements-program-for-political-truth-program/tree/3905b470c2ab239cf2aae563e1d7b3a1adb73dd3,,2026-09-05,Checked head 3905b470c2ab239cf2aae563e1d7b3a1adb73dd3. Document/repository status is separate from legal clearance.
R2,Washington sworn-statement project: PR 1,webpage,https://github.com/Sodelin/legal-case-for-opt-in-Washington-State-sworn-statements-program-for-political-truth-program/pull/1,,2026-09-05,Checked head 9b695f3e45e13d60767db71ed91cf4cc668c9d09. Document/repository status is separate from legal clearance.
R3,Washington sworn-statement project: PR 2,webpage,https://github.com/Sodelin/legal-case-for-opt-in-Washington-State-sworn-statements-program-for-political-truth-program/pull/2,,2026-09-05,Checked head 96c5388421ed6e221c8520878458feba96e14aac. Document/repository status is separate from legal clearance.
R4,Washington sworn-statement project: PR 3,webpage,https://github.com/Sodelin/legal-case-for-opt-in-Washington-State-sworn-statements-program-for-political-truth-program/pull/3,,2026-09-05,Checked head 08283fc190f23d69406b5f9cc810fbbc00d8b068. Document/repository status is separate from legal clearance.
R5,Washington sworn-statement project: PR 4,webpage,https://github.com/Sodelin/legal-case-for-opt-in-Washington-State-sworn-statements-program-for-political-truth-program/pull/4,,2026-09-05,Checked head b99f7df6712a063e824922ede87b2c7ecca726f0. Document/repository status is separate from legal clearance.
R6,Washington sworn-statement project: PR 5,webpage,https://github.com/Sodelin/legal-case-for-opt-in-Washington-State-sworn-statements-program-for-political-truth-program/pull/5,,2026-09-05,Checked head 73a036076096c0874478ccfdffdc5e605378765a. Document/repository status is separate from legal clearance.
